tXQ7G2p3hJ8,Tiger Sushi Roll Recipe,#makesushi1
pB2Yf-EewJs,Snow Crab Sushi Roll Recipe,Cï¿½mo hacer sushi
6Op0Ce5in-s,Salmon Cucumber Philly Roll,Cï¿½mo hacer sushi
uPb6Yiu4N3E,"Rollitos de pepino estilo ""sushi"", cena saludable y deliciosa. Sushi sin arroz.",All the Fixings
1MyYvZ9RrTg,Si tienes berenjenas en casa puedes cocinarlas rï¿½pidamente de esta manera. ï¿½Sin freï¿½r! receta fï¿½cil,Beckoning
0tOpnSIBueU,EXQUISITO ATOLE DE GUANABANA || BEBIBA ESPESA CALIENTE || RECETA MUY FACIL || ALIS ROUS #recetafacil,#recetafacil
tXQ7G2p3hJ8,Tiger Sushi Roll Recipe,#makesushi1
tXQ7G2p3hJ8,Tiger Sushi Roll Recipe,#makesushi1
tXQ7G2p3hJ8,Tiger Sushi Roll Recipe,#makesushi1
pB2Yf-EewJs,Snow Crab Sushi Roll Recipe,Cómo hacer sushi
6Op0Ce5in-s,Salmon Cucumber Philly Roll,Cómo hacer sushi
uPb6Yiu4N3E,"Rollitos de pepino estilo ""sushi"", cena saludable y deliciosa. Sushi sin arroz.",All the Fixings
1MyYvZ9RrTg,Si tienes berenjenas en casa puedes cocinarlas rápidamente de esta manera. ¡Sin freír! receta fácil,Beckoning
0tOpnSIBueU,EXQUISITO ATOLE DE GUANABANA || BEBIBA ESPESA CALIENTE || RECETA MUY FACIL || ALIS ROUS #recetafacil,#recetafacil
